"Mese;Categoria;Dettaglio;Numero Movimenti;Importo Medio;Importo Totale;Varianza;Entropia;Anomaly Score;Anomalia"
"2015-01;Reparti Operativi;Hardware;68;372,2876470588235;25315,56;8417045,959441522;5,8499;1;No"
"2015-01;Reparti Operativi;Software;65;206,20861538461529;13403,559999999994;8229098,438568853;5,6477;1;No"
"2015-02;Amministrazione;Stipendi;2;17408,415;34816,83;655790918,8122251;0,6346;-1;Si"
"2015-02;Finanziamenti;Conferimento quota capitale;2;8491,585;16983,17;2653116815,812225;0,9803;-1;Si"
"2015-02;Logistica;Auto Aziendali;1;-80,0;-80,0;0,0;0,0;1;No"
"2015-02;Reparti Operativi;Hardware;82;-60,05902439024399;-4924,840000000007;7275733,278735632;6,0154;1;No"
"2015-02;Reparti Operativi;Software;69;-486,7097101449276;-33582,97;7210584,863078177;5,8242;-1;Si"
"2015-03;Amministrazione;Stipendi;2;900,0;1800,0;82810000,0;0,9929;1;No"
"2015-03;Finanziamenti;Conferimento quota capitale;1;-10000,0;-10000,0;0,0;0,0;1;No"
"2015-03;Logistica;Auto Aziendali;1;-80,0;-80,0;0,0;0,0;1;No"
"2015-03;Reparti Operativi;Hardware;89;218,24865168539324;19424,13;7127055,932297059;6,2067;1;No"
"2015-03;Reparti Operativi;Software;82;-366,8847560975611;-30084,550000000007;7938407,769783475;6,0594;1;No"
"2015-04;Amministrazione;Stipendi;1;-8200,0;-8200,0;0,0;0,0;1;No"
"2015-04;Logistica;Auto Aziendali;1;-80,0;-80,0;0,0;0,0;1;No"
"2015-04;Reparti Operativi;Hardware;63;209,41111111111107;13192,899999999998;6107747,821714639;5,6324;1;No"
"2015-04;Reparti Operativi;Software;68;-49,04441176470594;-3335,020000000004;7060704,39503936;5,731;1;No"
"2015-05;Amministrazione;Stipendi;1;-8200,0;-8200,0;0,0;0,0;1;No"
"2015-05;Logistica;Auto Aziendali;1;-80,0;-80,0;0,0;0,0;1;No"
"2015-05;Reparti Operativi;Hardware;85;-345,5541176470588;-29372,099999999995;6747991,946955986;6,1432;1;No"
"2015-05;Reparti Operativi;Software;82;367,8932926829268;30167,25;7882594,56943428;6,0989;1;No"
"2015-06;Amministrazione;Stipendi;3;20578,95333333333;61736,86;514162767,6043556;1,2986;-1;Si"
"2015-06;Finanziamenti;Conferimento quota capitale;3;927,0466666666664;2781,1399999999994;1975680831,0443556;1,3259;-1;Si"
"2015-06;Logistica;Auto Aziendali;1;-80,0;-80,0;0,0;0,0;1;No"
"2015-06;Reparti Operativi;Hardware;91;93,40527472527477;8499,880000000003;7975781,548143604;6,2611;1;No"
"2015-06;Reparti Operativi;Software;71;-233,4774647887324;-16576,899999999998;9204582,995047094;5,9333;1;No"
"2015-07;Amministrazione;Stipendi;1;-8200,0;-8200,0;0,0;0,0;1;No"
"2015-07;Logistica;Auto Aziendali;1;-80,0;-80,0;0,0;0,0;1;No"
"2015-07;Reparti Operativi;Hardware;83;-277,7377108433736;-23052,230000000007;8376939,863354999;6,1221;1;No"
"2015-07;Reparti Operativi;Software;71;47,84845070422532;3397,239999999998;8178681,379697599;5,8749;1;No"
"2015-08;Amministrazione;Stipendi;1;-8200,0;-8200,0;0,0;0,0;1;No"
"2015-08;Logistica;Auto Aziendali;1;-80,0;-80,0;0,0;0,0;1;No"
"2015-08;Reparti Operativi;Hardware;76;11,476315789473718;872,2000000000025;7264061,617652217;5,9271;1;No"
"2015-08;Reparti Operativi;Software;83;239,6990361445784;19895,020000000004;7091407,997146059;6,0259;1;No"
"2015-09;Amministrazione;Stipendi;1;-8200,0;-8200,0;0,0;0,0;1;No"
"2015-09;Logistica;Auto Aziendali;1;-80,0;-80,0;0,0;0,0;1;No"
"2015-09;Reparti Operativi;Hardware;70;268,12728571428573;18768,91;6876402,545648348;5,7911;1;No"
"2015-09;Reparti Operativi;Software;71;-312,0250704225352;-22153,78;7300359,750354575;5,8571;1;No"
"2015-10;Amministrazione;Stipendi;1;-8200,0;-8200,0;0,0;0,0;1;No"
"2015-10;Logistica;Auto Aziendali;1;-80,0;-80,0;0,0;0,0;1;No"
"2015-10;Reparti Operativi;Hardware;86;-303,09558139534886;-26066,22;8135281,015371175;6,1455;1;No"
"2015-10;Reparti Operativi;Software;94;349,4905319148936;32852,11;7152312,56174546;6,2409;-1;Si"
"2015-11;Amministrazione;Stipendi;1;-8200,0;-8200,0;0,0;0,0;1;No"
"2015-11;Logistica;Auto Aziendali;1;-80,0;-80,0;0,0;0,0;1;No"
"2015-11;Reparti Operativi;Hardware;75;-102,79893333333332;-7709,919999999998;7715705,360726862;5,9176;1;No"
"2015-11;Reparti Operativi;Software;78;200,5717948717949;15644,600000000002;8781388,366440369;6,0422;1;No"
"2015-12;Amministrazione;Stipendi;2;400,0;800,0;73960000,0;0,9984;1;No"
"2015-12;Finanziamenti;Conferimento quota capitale;1;-9000,0;-9000,0;0,0;0,0;1;No"
"2015-12;Logistica;Auto Aziendali;1;-80,0;-80,0;0,0;0,0;1;No"
"2015-12;Reparti Operativi;Hardware;89;145,88224719101123;12983,52;9234664,556089332;6,1971;1;No"
"2015-12;Reparti Operativi;Software;80;-148,7726249999999;-11901,809999999992;7581133,010484358;5,9517;1;No"
"2016-01;Amministrazione;Stipendi;1;-8200,0;-8200,0;0,0;0,0;1;No"
"2016-01;Logistica;Auto Aziendali;2;-80,0;-160,0;0,0;1,0;1;No"
"2016-01;Reparti Operativi;Hardware;72;105,0222222222222;7561,5999999999985;8117398,259358949;5,9022;1;No"
"2016-01;Reparti Operativi;Software;106;124,98650943396215;13248,56999999999;7112117,693822721;6,47;-1;Si"
"2016-02;Amministrazione;Stipendi;2;3400,0;6800,0;134560000,0;0,9371;1;No"
"2016-02;Finanziamenti;Conferimento quota capitale;2;22500,0;45000,0;1406250000,0;0,7219;-1;Si"
"2016-02;Reparti Operativi;Hardware;78;-394,00166666666667;-30732,13;8961609,506008761;6,0022;1;No"
"2016-02;Reparti Operativi;Software;75;-119,8892;-8991,689999999999;6690872,849252693;5,9739;1;No"
"2016-03;Amministrazione;Stipendi;2;900,0;1800,0;82810000,0;0,9929;1;No"
"2016-03;Finanziamenti;Conferimento quota capitale;1;-10000,0;-10000,0;0,0;0,0;1;No"
"2016-03;Logistica;Auto Aziendali;2;-80,0;-160,0;0,0;1,0;1;No"
"2016-03;Reparti Operativi;Hardware;60;97,30366666666669;5838,22;5171528,784143223;5,393;-1;Si"
"2016-03;Reparti Operativi;Software;57;-29,77105263157897;-1696,9500000000016;6853453,882900647;5,55;1;No"
"2016-04;Amministrazione;Stipendi;2;900,0;1800,0;82810000,0;0,9929;1;No"
"2016-04;Finanziamenti;Conferimento quota capitale;1;-10000,0;-10000,0;0,0;0,0;1;No"
"2016-04;Logistica;Auto Aziendali;1;-80,0;-80,0;0,0;0,0;1;No"
"2016-04;Reparti Operativi;Hardware;69;292,4408695652174;20178,42;6662706,10430649;5,8443;1;No"
"2016-04;Reparti Operativi;Software;63;-140,2760317460318;-8837,390000000003;7747779,804042984;5,6161;1;No"
"2016-05;Amministrazione;Stipendi;1;-8200,0;-8200,0;0,0;0,0;1;No"
"2016-05;Logistica;Auto Aziendali;1;-80,0;-80,0;0,0;0,0;1;No"
"2016-05;Reparti Operativi;Hardware;73;-14,65726027397249;-1069,9799999999918;6565736,593219891;5,9125;1;No"
"2016-05;Reparti Operativi;Software;60;169,53133333333335;10171,88;7784166,884794889;5,628;1;No"
"2016-06;Amministrazione;Stipendi;2;16940,015;33880,03;632020354,200225;0,6416;-1;Si"
"2016-06;Finanziamenti;Conferimento quota capitale;2;8959,985;17919,97;2605083131,200225;0,9777;-1;Si"
"2016-06;Logistica;Auto Aziendali;1;-80,0;-80,0;0,0;0,0;1;No"
"2016-06;Reparti Operativi;Hardware;87;97,48770114942528;8481,43;8502350,01810506;6,2081;1;No"
"2016-06;Reparti Operativi;Software;88;-327,3815909090909;-28809,58;7400564,274613378;6,2176;1;No"
"2016-07;Amministrazione;Stipendi;1;-8200,0;-8200,0;0,0;0,0;1;No"
"2016-07;Logistica;Auto Aziendali;1;-80,0;-80,0;0,0;0,0;1;No"
"2016-07;Reparti Operativi;Hardware;72;413,936388888889;29803,42000000001;7977312,829681405;5,8767;1;No"
"2016-07;Reparti Operativi;Software;62;-493,4690322580645;-30595,08;7307847,621057126;5,6802;-1;Si"
"2016-08;Amministrazione;Stipendi;2;900,0;1800,0;82810000,0;0,9929;1;No"
"2016-08;Finanziamenti;Conferimento quota capitale;2;-10000,0;-20000,0;0,0;1,0;-1;Si"
"2016-08;Logistica;Auto Aziendali;1;-80,0;-80,0;0,0;0,0;1;No"
"2016-08;Reparti Operativi;Hardware;61;343,80852459016387;20972,32;7808616,079343725;5,67;1;No"
"2016-08;Reparti Operativi;Nessuna;1;10000,0;10000,0;0,0;0,0;1;No"
"2016-08;Reparti Operativi;Software;74;-390,9878378378378;-28933,1;7060620,594527757;5,8787;1;No"
"2016-09;Amministrazione;Stipendi;1;-8200,0;-8200,0;0,0;0,0;1;No"
"2016-09;Logistica;Auto Aziendali;1;-80,0;-80,0;0,0;0,0;1;No"
"2016-09;Reparti Operativi;Hardware;68;-128,0530882352941;-8707,609999999999;6769640,150586051;5,7744;1;No"
"2016-09;Reparti Operativi;Software;63;272,57523809523803;17172,239999999998;7418573,863005894;5,6891;1;No"
"2016-10;Amministrazione;Stipendi;2;900,0;1800,0;82810000,0;0,9929;1;No"
"2016-10;Finanziamenti;Conferimento quota capitale;1;-10000,0;-10000,0;0,0;0,0;1;No"
"2016-10;Logistica;Auto Aziendali;1;-80,0;-80,0;0,0;0,0;1;No"
"2016-10;Reparti Operativi;Hardware;74;36,573108108108144;2706,4100000000026;8578895,62901061;5,9811;1;No"
"2016-10;Reparti Operativi;Software;62;-186,4464516129032;-11559,679999999998;7761411,415003537;5,7055;1;No"
"2016-11;Amministrazione;Stipendi;1;-8200,0;-8200,0;0,0;0,0;1;No"
"2016-11;Logistica;Auto Aziendali;1;-80,0;-80,0;0,0;0,0;1;No"
"2016-11;Reparti Operativi;Hardware;56;248,19446428571425;13898,889999999996;8600563,879085427;5,4949;-1;Si"
"2016-11;Reparti Operativi;Software;80;30,015;2401,2;7779076,6038525;6,0148;1;No"
"2016-12;Amministrazione;Stipendi;1;-8200,0;-8200,0;0,0;0,0;1;No"
"2016-12;Logistica;Auto Aziendali;1;-80,0;-80,0;0,0;0,0;1;No"
"2016-12;Reparti Operativi;Hardware;89;-63,62516853932589;-5662,640000000004;8553581,94096205;6,1776;1;No"
"2016-12;Reparti Operativi;Software;79;385,3372151898735;30441,640000000003;8006171,146002374;5,9918;1;No"
"2017-01;Amministrazione;Stipendi;1;-8200,0;-8200,0;0,0;0,0;1;No"
"2017-01;Finanziamenti;Conferimento quota capitale;2;-5000,0;-10000,0;400000000,0;0,9544;-1;Si"
"2017-01;Logistica;Auto Aziendali;1;-80,0;-80,0;0,0;0,0;1;No"
"2017-01;Reparti Operativi;Hardware;70;278,25428571428574;19477,800000000003;8279078,858518776;5,8963;1;No"
"2017-01;Reparti Operativi;Software;74;-120,64837837837835;-8927,979999999998;11150581,447491964;5,9576;1;No"
"2017-02;Amministrazione;Stipendi;1;-8200,0;-8200,0;0,0;0,0;1;No"
"2017-02;Finanziamenti;Conferimento quota capitale;3;22560,73;67682,19;2121279142,9324665;1,5703;-1;Si"
"2017-02;Logistica;Auto Aziendali;1;-80,0;-80,0;0,0;0,0;1;No"
"2017-02;Reparti Operativi;Hardware;85;-149,93564705882352;-12744,53;9432799,246410465;6,1803;1;No"
"2017-02;Reparti Operativi;Nessuna;2;-3841,095000000001;-7682,190000000002;2130644510,7990248;0,995;-1;Si"
"2017-02;Reparti Operativi;Software;89;-263,0783146067416;-23413,97;9105751,614805024;6,2139;1;No"
"2017-03;Amministrazione;Stipendi;1;-8200,0;-8200,0;0,0;0,0;1;No"
"2017-03;Finanziamenti;Conferimento quota capitale;1;-10000,0;-10000,0;0,0;0,0;1;No"
"2017-03;Logistica;Auto Aziendali;1;-80,0;-80,0;0,0;0,0;1;No"
"2017-03;Reparti Operativi;Hardware;65;-115,72907692307692;-7522,39;9026714,524239147;5,6902;1;No"
"2017-03;Reparti Operativi;Nessuna;1;10000,0;10000,0;0,0;0,0;1;No"
"2017-03;Reparti Operativi;Software;74;50,63851351351351;3747,25;9103902,394818062;5,9525;1;No"
"2017-04;Amministrazione;Stipendi;2;900,0;1800,0;82810000,0;0,9929;1;No"
"2017-04;Finanziamenti;Conferimento quota capitale;2;-10000,0;-20000,0;0,0;1,0;-1;Si"
"2017-04;Logistica;Auto Aziendali;1;-80,0;-80,0;0,0;0,0;1;No"
"2017-04;Reparti Operativi;Hardware;72;159,24499999999998;11465,639999999998;8703076,034363888;5,8507;1;No"
"2017-04;Reparti Operativi;Nessuna;1;10000,0;10000,0;0,0;0,0;1;No"
"2017-04;Reparti Operativi;Software;73;-22,023972602739683;-1607,7499999999968;8679267,875739014;5,942;1;No"
"2017-05;Amministrazione;Stipendi;2;5900,0;11800,0;198810000,0;0,8697;-1;Si"
"2017-05;Finanziamenti;Nessuna;1;-20000,0;-20000,0;0,0;0,0;1;No"
"2017-05;Finanziamenti;Prestito bancario;1;20000,0;20000,0;0,0;0,0;-1;Si"
"2017-05;Logistica;Auto Aziendali;1;-80,0;-80,0;0,0;0,0;1;No"
"2017-05;Reparti Operativi;Hardware;74;-45,075270270270266;-3335,57;6679850,240500604;5,8772;1;No"
"2017-05;Reparti Operativi;Software;82;59,67463414634141;4893,319999999995;8456158,665905353;6,1413;1;No"
"2017-06;Amministrazione;Stipendi;2;18329,84;36659,68;703832410,4256;0,6211;-1;Si"
"2017-06;Finanziamenti;Conferimento quota capitale;3;1713,4399999999998;5140,32;1901194419,9338667;1,3257;-1;Si"
"2017-06;Logistica;Auto Aziendali;1;-80,0;-80,0;0,0;0,0;1;No"
"2017-06;Reparti Operativi;Hardware;91;198,28406593406592;18043,85;7909134,879879074;6,2122;1;No"
"2017-06;Reparti Operativi;Software;76;-638,6393421052633;-48536,59000000001;7712087,586271935;6,0307;-1;Si"
"2017-07;Amministrazione;Stipendi;1;-8200,0;-8200,0;0,0;0,0;1;No"
"2017-07;Finanziamenti;Prestito bancario;1;-242,66;-242,66;0,0;0,0;1;No"
"2017-07;Logistica;Auto Aziendali;1;-80,0;-80,0;0,0;0,0;1;No"
"2017-07;Reparti Operativi;Hardware;87;82,06459770114948;7139,620000000004;8311472,7693650685;6,1162;1;No"
"2017-07;Reparti Operativi;Software;98;3,380408163265304;331,27999999999975;8162150,031514119;6,3082;1;No"
"2017-08;Amministrazione;Stipendi;1;-8200,0;-8200,0;0,0;0,0;1;No"
"2017-08;Finanziamenti;Prestito bancario;1;-242,66;-242,66;0,0;0,0;1;No"
"2017-08;Logistica;Auto Aziendali;1;-80,0;-80,0;0,0;0,0;1;No"
"2017-08;Reparti Operativi;Hardware;108;-92,96370370370366;-10040,079999999994;7781372,765412207;6,5139;-1;Si"
"2017-08;Reparti Operativi;Software;91;290,0801098901099;26397,29;7925228,836376911;6,2345;1;No"
"2017-09;Amministrazione;Stipendi;1;-8200,0;-8200,0;0,0;0,0;1;No"
"2017-09;Finanziamenti;Prestito bancario;1;-242,66;-242,66;0,0;0,0;1;No"
"2017-09;Logistica;Auto Aziendali;1;-80,0;-80,0;0,0;0,0;1;No"
"2017-09;Reparti Operativi;Hardware;81;-66,33641975308642;-5373,25;8604593,697277304;6,076;1;No"
"2017-09;Reparti Operativi;Software;82;194,33036585365852;15935,09;7970044,9748449875;6,0939;1;No"
"2017-10;Amministrazione;Stipendi;1;-8200,0;-8200,0;0,0;0,0;1;No"
"2017-10;Finanziamenti;Prestito bancario;1;-242,66;-242,66;0,0;0,0;1;No"
"2017-10;Logistica;Auto Aziendali;1;-80,0;-80,0;0,0;0,0;1;No"
"2017-10;Reparti Operativi;Hardware;89;600,1544943820224;53413,75;8218277,95070115;6,2505;-1;Si"
"2017-10;Reparti Operativi;Software;90;-97,78033333333332;-8800,23;8074117,740481;6,1577;1;No"
"2017-11;Amministrazione;Stipendi;1;-8200,0;-8200,0;0,0;0,0;1;No"
"2017-11;Finanziamenti;Prestito bancario;1;-242,66;-242,66;0,0;0,0;1;No"
"2017-11;Logistica;Auto Aziendali;1;-80,0;-80,0;0,0;0,0;1;No"
"2017-11;Reparti Operativi;Hardware;78;-324,72435897435884;-25328,49999999999;7491549,232480998;5,9777;1;No"
"2017-11;Reparti Operativi;Software;70;234,19657142857145;16393,76;7618328,501788245;5,7376;1;No"
"2017-12;Amministrazione;Bonus Lavoratore;2;0,0;0,0;25000000,0;1,0;1;No"
"2017-12;Amministrazione;Stipendi;2;5900,0;11800,0;198810000,0;0,8697;-1;Si"
"2017-12;Finanziamenti;Prestito bancario;1;-242,66;-242,66;0,0;0,0;1;No"
"2017-12;Logistica;Auto Aziendali;1;-80,0;-80,0;0,0;0,0;1;No"
"2017-12;Reparti Operativi;Hardware;78;-607,2432051282051;-47364,97;9049750,291911522;5,9811;-1;Si"
"2017-12;Reparti Operativi;Software;83;377,220843373494;31309,33;6086976,905839047;6,0021;-1;Si"
"2018-01;Amministrazione;Stipendi;1;-8200,0;-8200,0;0,0;0,0;1;No"
"2018-01;Finanziamenti;Prestito bancario;1;-242,66;-242,66;0,0;0,0;1;No"
"2018-01;Logistica;Auto Aziendali;1;-80,0;-80,0;0,0;0,0;1;No"
"2018-01;Reparti Operativi;Hardware;80;146,91850000000005;11753,480000000003;7276042,68358025;5,9723;1;No"
"2018-01;Reparti Operativi;Software;65;-149,26461538461538;-9702,2;7025813,726083314;5,7195;1;No"
"2018-02;Amministrazione;Bonus Lavoratore;1;46104,39;46104,39;0,0;0,0;-1;Si"
"2018-02;Amministrazione;Stipendi;1;-8200,0;-8200,0;0,0;0,0;1;No"
"2018-02;Finanziamenti;Conferimento quota capitale;3;1298,5366666666669;3895,6100000000006;1940185394,9493556;1,3259;-1;Si"
"2018-02;Finanziamenti;Prestito bancario;1;-242,66;-242,66;0,0;0,0;1;No"
"2018-02;Logistica;Auto Aziendali;1;-80,0;-80,0;0,0;0,0;1;No"
"2018-02;Reparti Operativi;Hardware;81;-595,1713580246914;-48208,88;9397725,76656729;6,0762;-1;Si"
"2018-02;Reparti Operativi;Nessuna;1;10000,0;10000,0;0,0;0,0;1;No"
"2018-02;Reparti Operativi;Software;82;566,6870731707318;46468,34;6786698,100976799;6,0629;-1;Si"
"2018-03;Amministrazione;Stipendi;1;-8200,0;-8200,0;0,0;0,0;1;No"
"2018-03;Finanziamenti;Conferimento quota capitale;2;20000,0;40000,0;900000000,0;0,65;-1;Si"
"2018-03;Finanziamenti;Prestito bancario;1;-242,66;-242,66;0,0;0,0;1;No"
"2018-03;Logistica;Auto Aziendali;1;-80,0;-80,0;0,0;0,0;1;No"
"2018-03;Reparti Operativi;Hardware;80;-316,5735000000001;-25325,88000000001;6909522,08042275;5,9795;1;No"
"2018-03;Reparti Operativi;Nessuna;1;10000,0;10000,0;0,0;0,0;1;No"
"2018-03;Reparti Operativi;Software;87;90,82965517241372;7902,179999999994;6936846,943920571;6,1378;1;No"
"2018-04;Amministrazione;Stipendi;1;-8200,0;-8200,0;0,0;0,0;1;No"
"2018-04;Finanziamenti;Prestito bancario;1;-242,66;-242,66;0,0;0,0;1;No"
"2018-04;Logistica;Auto Aziendali;1;-80,0;-80,0;0,0;0,0;1;No"
"2018-04;Reparti Operativi;Hardware;84;-5,362142857142815;-450,4199999999964;7032423,100919219;6,0419;1;No"
"2018-04;Reparti Operativi;Software;85;45,36435294117645;3855,969999999998;8240763,068297521;6,1661;1;No"
"2018-05;Amministrazione;Stipendi;1;-8200,0;-8200,0;0,0;0,0;1;No"
"2018-05;Finanziamenti;Prestito bancario;1;-242,66;-242,66;0,0;0,0;1;No"
"2018-05;Logistica;Auto Aziendali;1;-80,0;-80,0;0,0;0,0;1;No"
"2018-05;Reparti Operativi;Hardware;68;175,0188235294118;11901,280000000002;7890675,453945675;5,7736;1;No"
"2018-05;Reparti Operativi;Software;95;-150,65905263157904;-14312,610000000008;8210428,643071734;6,3079;1;No"
"2018-06;Amministrazione;Stipendi;2;17044,21;34088,42;637270138,5241;0,6401;-1;Si"
"2018-06;Finanziamenti;Conferimento quota capitale;3;2570,526666666667;7711,580000000002;1822829214,688089;1,3245;-1;Si"
"2018-06;Finanziamenti;Prestito bancario;1;-242,66;-242,66;0,0;0,0;1;No"
"2018-06;Logistica;Auto Aziendali;1;-80,0;-80,0;0,0;0,0;1;No"
"2018-06;Reparti Operativi;Hardware;83;-321,918313253012;-26719,219999999998;8824478,148235708;6,1222;1;No"
"2018-06;Reparti Operativi;Nessuna;1;10000,0;10000,0;0,0;0,0;1;No"
"2018-06;Reparti Operativi;Software;78;-9,08256410256408;-708,4399999999982;8639276,68201394;6,0082;1;No"
"2018-07;Amministrazione;Stipendi;1;-8200,0;-8200,0;0,0;0,0;1;No"
"2018-07;Finanziamenti;Prestito bancario;1;-242,66;-242,66;0,0;0,0;1;No"
"2018-07;Logistica;Auto Aziendali;1;-80,0;-80,0;0,0;0,0;1;No"
"2018-07;Reparti Operativi;Hardware;79;33,61303797468351;2655,429999999997;8007894,752494569;5,9794;1;No"
"2018-07;Reparti Operativi;Software;71;247,7630985915493;17591,18;7824889,389534061;5,876;1;No"
"2018-08;Amministrazione;Stipendi;2;30900,0;61800,0;1528810000,0;0,4842;-1;Si"
"2018-08;Finanziamenti;Conferimento quota capitale;1;-70000,0;-70000,0;0,0;0,0;-1;Si"
"2018-08;Finanziamenti;Prestito bancario;1;-242,66;-242,66;0,0;0,0;1;No"
"2018-08;Logistica;Auto Aziendali;1;-80,0;-80,0;0,0;0,0;1;No"
"2018-08;Reparti Operativi;Hardware;60;-378,9963333333333;-22739,78;7964864,382679889;5,5052;1;No"
"2018-08;Reparti Operativi;Software;73;164,9312328767124;12039,980000000003;6503451,290249165;5,8194;1;No"
"2018-09;Amministrazione;Stipendi;1;-8200,0;-8200,0;0,0;0,0;1;No"
"2018-09;Finanziamenti;Prestito bancario;1;-242,66;-242,66;0,0;0,0;1;No"
"2018-09;Logistica;Auto Aziendali;1;-80,0;-80,0;0,0;0,0;1;No"
"2018-09;Reparti Operativi;Hardware;79;51,9521518987342;4104,220000000002;8350905,349454862;6,0257;1;No"
"2018-09;Reparti Operativi;Software;78;348,2908974358975;27166,69;7488566,257672272;5,9853;1;No"
"2018-10;Amministrazione;Stipendi;1;-8200,0;-8200,0;0,0;0,0;1;No"
"2018-10;Finanziamenti;Prestito bancario;1;-242,66;-242,66;0,0;0,0;1;No"
"2018-10;Logistica;Auto Aziendali;1;-80,0;-80,0;0,0;0,0;1;No"
"2018-10;Reparti Operativi;Hardware;105;41,96209523809527;4406,020000000003;7454874,873965134;6,4512;-1;Si"
"2018-10;Reparti Operativi;Software;93;-96,14602150537635;-8941,580000000002;7506182,34843686;6,2473;1;No"
"2018-11;Amministrazione;Stipendi;1;-8200,0;-8200,0;0,0;0,0;1;No"
"2018-11;Finanziamenti;Prestito bancario;1;-242,66;-242,66;0,0;0,0;1;No"
"2018-11;Logistica;Auto Aziendali;1;-80,0;-80,0;0,0;0,0;1;No"
"2018-11;Reparti Operativi;Hardware;60;226,39716666666664;13583,83;6745378,561906973;5,6294;1;No"
"2018-11;Reparti Operativi;Software;78;48,12410256410255;3753,679999999999;5489581,32699599;5,998;1;No"
"2018-12;Amministrazione;Stipendi;1;-8200,0;-8200,0;0,0;0,0;1;No"
"2018-12;Finanziamenti;Prestito bancario;1;-242,66;-242,66;0,0;0,0;1;No"
"2018-12;Logistica;Auto Aziendali;1;-80,0;-80,0;0,0;0,0;1;No"
"2018-12;Reparti Operativi;Hardware;68;149,52632352941183;10167,790000000005;8010983,556405602;5,8124;1;No"
"2018-12;Reparti Operativi;Software;82;80,32000000000006;6586,240000000005;7819777,828934146;6,0715;1;No"
"2019-01;Amministrazione;Stipendi;1;-8200,0;-8200,0;0,0;0,0;1;No"
"2019-01;Finanziamenti;Prestito bancario;1;-242,66;-242,66;0,0;0,0;1;No"
"2019-01;Logistica;Auto Aziendali;1;-80,0;-80,0;0,0;0,0;1;No"
"2019-01;Reparti Operativi;Hardware;91;-4,5787912087911495;-416,6699999999946;7913569,220612826;6,2762;1;No"
"2019-01;Reparti Operativi;Software;98;164,5720408163265;16128,06;8401832,99715706;6,3442;-1;Si"
"2019-02;Amministrazione;Stipendi;1;-8200,0;-8200,0;0,0;0,0;1;No"
"2019-02;Finanziamenti;Conferimento quota capitale;3;20000,0;59999,99999999999;1845528705,8816;1,5552;-1;Si"
"2019-02;Finanziamenti;Prestito bancario;1;-242,66;-242,66;0,0;0,0;1;No"
"2019-02;Logistica;Auto Aziendali;1;-80,0;-80,0;0,0;0,0;1;No"
"2019-02;Reparti Operativi;Hardware;72;-184,9373611111111;-13315,49;7497502,304483314;5,9162;1;No"
"2019-02;Reparti Operativi;Software;95;-101,90052631578948;-9680,55;9183405,03581551;6,3251;-1;Si"
"2019-03;Amministrazione;Stipendi;1;-8200,0;-8200,0;0,0;0,0;1;No"
"2019-03;Finanziamenti;Prestito bancario;1;-242,66;-242,66;0,0;0,0;1;No"
"2019-03;Logistica;Auto Aziendali;1;-80,0;-80,0;0,0;0,0;1;No"
"2019-03;Reparti Operativi;Hardware;70;-125,43671428571425;-8780,569999999996;8435250,661256345;5,8466;1;No"
"2019-03;Reparti Operativi;Software;69;456,0323188405797;31466,23;7928920,170359842;5,8114;1;No"
"2019-04;Amministrazione;Stipendi;2;900,0;1800,0;82810000,0;0,9929;1;No"
"2019-04;Finanziamenti;Conferimento quota capitale;1;-10000,0;-10000,0;0,0;0,0;1;No"
"2019-04;Finanziamenti;Prestito bancario;1;-242,66;-242,66;0,0;0,0;1;No"
"2019-04;Logistica;Auto Aziendali;1;-80,0;-80,0;0,0;0,0;1;No"
"2019-04;Reparti Operativi;Hardware;84;-62,96809523809533;-5289,320000000008;8498042,930798754;6,1376;1;No"
"2019-04;Reparti Operativi;Software;95;-67,87421052631576;-6448,049999999997;7947977,945079112;6,269;1;No"
"2019-05;Amministrazione;Stipendi;2;900,0;1800,0;82810000,0;0,9929;1;No"
"2019-05;Finanziamenti;Conferimento quota capitale;1;-10000,0;-10000,0;0,0;0,0;1;No"
"2019-05;Finanziamenti;Prestito bancario;1;-242,66;-242,66;0,0;0,0;1;No"
"2019-05;Logistica;Auto Aziendali;1;-80,0;-80,0;0,0;0,0;1;No"
"2019-05;Reparti Operativi;Hardware;76;289,92144736842107;22034,03;7579298,040107115;6,0457;1;No"
"2019-05;Reparti Operativi;Software;73;-137,0246575342466;-10002,800000000005;7663096,858953649;5,9265;1;No"
"2019-06;Amministrazione;Stipendi;1;-8200,0;-8200,0;0,0;0,0;1;No"
"2019-06;Finanziamenti;Conferimento quota capitale;2;7880,18;15760,36;2716475636,8324;0,9834;-1;Si"
"2019-06;Finanziamenti;Prestito bancario;1;-242,66;-242,66;0,0;0,0;1;No"
"2019-06;Logistica;Auto Aziendali;1;-80,0;-80,0;0,0;0,0;1;No"
"2019-06;Reparti Operativi;Hardware;77;225,61714285714285;17372,52;7128747,996700928;6,0056;1;No"
"2019-06;Reparti Operativi;Nessuna;1;44239,64;44239,64;0,0;0,0;-1;Si"
"2019-06;Reparti Operativi;Software;69;-302,8521739130434;-20896,799999999992;7284788,199927158;5,8114;1;No"
"2019-07;Amministrazione;Stipendi;2;900,0;1800,0;82810000,0;0,9929;1;No"
"2019-07;Finanziamenti;Conferimento quota capitale;1;-10000,0;-10000,0;0,0;0,0;1;No"
"2019-07;Finanziamenti;Prestito bancario;1;-242,66;-242,66;0,0;0,0;1;No"
"2019-07;Logistica;Auto Aziendali;1;-80,0;-80,0;0,0;0,0;1;No"
"2019-07;Reparti Operativi;Hardware;85;-254,9908235294117;-21674,219999999998;7803370,418132263;6,1474;1;No"
"2019-07;Reparti Operativi;Software;88;-88,38477272727276;-7777,860000000002;7734310,09410904;6,195;1;No"
"2019-08;Amministrazione;Stipendi;1;10000,0;10000,0;0,0;0,0;1;No"
"2019-08;Finanziamenti;Conferimento quota capitale;1;-10000,0;-10000,0;0,0;0,0;1;No"
"2019-08;Finanziamenti;Prestito bancario;1;-242,66;-242,66;0,0;0,0;1;No"
"2019-08;Logistica;Auto Aziendali;1;-80,0;-80,0;0,0;0,0;1;No"
"2019-08;Reparti Operativi;Hardware;89;-98,11853932584263;-8732,549999999994;9652693,534313597;6,2681;1;No"
"2019-08;Reparti Operativi;Software;85;135,98200000000006;11558,470000000005;8188087,361545411;6,0871;1;No"
"2019-09;Finanziamenti;Prestito bancario;1;-242,66;-242,66;0,0;0,0;1;No"
"2019-09;Logistica;Auto Aziendali;1;-80,0;-80,0;0,0;0,0;1;No"
"2019-09;Reparti Operativi;Hardware;77;62,25493506493502;4793,6299999999965;7860324,212928894;5,9807;1;No"
"2019-09;Reparti Operativi;Software;90;78,87199999999997;7098,479999999998;6652167,95635378;6,2;1;No"
"2019-10;Amministrazione;Stipendi;1;-24600,0;-24600,0;0,0;0,0;-1;Si"
"2019-10;Finanziamenti;Prestito bancario;1;-242,66;-242,66;0,0;0,0;1;No"
"2019-10;Logistica;Auto Aziendali;1;-80,0;-80,0;0,0;0,0;1;No"
"2019-10;Reparti Operativi;Hardware;79;228,28721518987345;18034,69;7726746,594293513;6,0826;1;No"
"2019-10;Reparti Operativi;Software;82;-218,70987804878047;-17934,21;7815642,618259743;6,1316;1;No"
"2019-11;Amministrazione;Stipendi;1;-8200,0;-8200,0;0,0;0,0;1;No"
"2019-11;Finanziamenti;Prestito bancario;1;-242,66;-242,66;0,0;0,0;1;No"
"2019-11;Logistica;Auto Aziendali;1;-80,0;-80,0;0,0;0,0;1;No"
"2019-11;Reparti Operativi;Hardware;73;-85,56397260273968;-6246,169999999996;8552146,115226686;5,9131;1;No"
"2019-11;Reparti Operativi;Software;70;103,06514285714287;7214,560000000001;8986409,018907836;5,8683;1;No"
"2019-12;Amministrazione;Stipendi;1;-8200,0;-8200,0;0,0;0,0;1;No"
"2019-12;Finanziamenti;Prestito bancario;1;-242,66;-242,66;0,0;0,0;1;No"
"2019-12;Logistica;Auto Aziendali;1;-80,0;-80,0;0,0;0,0;1;No"
"2019-12;Reparti Operativi;Hardware;54;42,79722222222216;2311,0499999999965;8405672,057357097;5,4827;1;No"
"2019-12;Reparti Operativi;Software;74;12,917432432432484;955,8900000000036;6447453,132178542;5,8257;1;No"
"2020-01;Amministrazione;Stipendi;1;-8200,0;-8200,0;0,0;0,0;1;No"
"2020-01;Finanziamenti;Prestito bancario;1;-242,66;-242,66;0,0;0,0;1;No"
"2020-01;Logistica;Auto Aziendali;1;-80,0;-80,0;0,0;0,0;1;No"
"2020-01;Reparti Operativi;Hardware;61;-140,9688524590163;-8599,099999999993;7556519,188374091;5,6252;1;No"
"2020-01;Reparti Operativi;Software;72;198,22069444444443;14271,89;8255583,840842573;5,878;1;No"
"2020-02;Amministrazione;Stipendi;2;900,0;1800,0;82810000,0;0,9929;1;No"
"2020-02;Finanziamenti;Conferimento quota capitale;3;2189,8600000000006;6569,580000000002;1857271640,305867;1,3252;-1;Si"
"2020-02;Finanziamenti;Prestito bancario;1;-242,66;-242,66;0,0;0,0;1;No"
"2020-02;Logistica;Auto Aziendali;1;-80,0;-80,0;0,0;0,0;1;No"
"2020-02;Reparti Operativi;Hardware;68;-292,1588235294118;-19866,800000000003;7675980,78350744;5,7831;1;No"
"2020-02;Reparti Operativi;Nessuna;1;43430,42;43430,42;0,0;0,0;-1;Si"
"2020-02;Reparti Operativi;Software;64;66,77593750000005;4273,660000000004;8479949,772549123;5,7011;1;No"
"2020-03;Amministrazione;Stipendi;1;-8200,0;-8200,0;0,0;0,0;1;No"
"2020-03;Finanziamenti;Prestito bancario;1;-242,66;-242,66;0,0;0,0;1;No"
"2020-03;Logistica;Auto Aziendali;1;-80,0;-80,0;0,0;0,0;1;No"
"2020-03;Reparti Operativi;Hardware;91;318,72901098901104;29004,340000000004;7638709,720263857;6,1708;1;No"
"2020-03;Reparti Operativi;Software;84;-421,5069047619047;-35406,579999999994;8612683,242721373;6,1032;1;No"
"2020-04;Amministrazione;Stipendi;2;900,0;1800,0;82810000,0;0,9929;1;No"
"2020-04;Finanziamenti;Conferimento quota capitale;1;-10000,0;-10000,0;0,0;0,0;1;No"
"2020-04;Finanziamenti;Prestito bancario;1;-242,66;-242,66;0,0;0,0;1;No"
"2020-04;Logistica;Auto Aziendali;1;-80,0;-80,0;0,0;0,0;1;No"
"2020-04;Reparti Operativi;Hardware;77;59,453896103896064;4577,949999999997;7896090,764060144;5,9739;1;No"
"2020-04;Reparti Operativi;Software;102;-97,8740196078431;-9983,149999999996;8227215,363406392;6,3837;-1;Si"
"2020-05;Amministrazione;Stipendi;1;-8200,0;-8200,0;0,0;0,0;1;No"
"2020-05;Finanziamenti;Prestito bancario;1;-242,66;-242,66;0,0;0,0;1;No"
"2020-05;Logistica;Auto Aziendali;1;-80,0;-80,0;0,0;0,0;1;No"
"2020-05;Reparti Operativi;Hardware;67;538,9423880597014;36109,14;6269200,963191314;5,7026;-1;Si"
"2020-05;Reparti Operativi;Software;78;-324,3871794871794;-25302,199999999997;7199214,221168969;6,0177;1;No"
"2020-06;Amministrazione;Bonus Lavoratore;1;10000,0;10000,0;0,0;0,0;1;No"
"2020-06;Amministrazione;Stipendi;1;-8200,0;-8200,0;0,0;0,0;1;No"
"2020-06;Finanziamenti;Conferimento quota capitale;3;1589,2966666666664;4767,889999999999;1912788727,7893555;1,3258;-1;Si"
"2020-06;Finanziamenti;Prestito bancario;1;-242,66;-242,66;0,0;0,0;1;No"
"2020-06;Logistica;Auto Aziendali;1;-80,0;-80,0;0,0;0,0;1;No"
"2020-06;Reparti Operativi;Hardware;70;75,38771428571428;5277,139999999999;7216647,412617632;5,8169;1;No"
"2020-06;Reparti Operativi;Nessuna;1;45232,11;45232,11;0,0;0,0;-1;Si"
"2020-06;Reparti Operativi;Software;95;-540,0237894736841;-51302,26;6148439,03218985;6,2353;-1;Si"
"2020-07;Amministrazione;Stipendi;1;-8200,0;-8200,0;0,0;0,0;1;No"
"2020-07;Finanziamenti;Prestito bancario;1;-242,66;-242,66;0,0;0,0;1;No"
"2020-07;Logistica;Auto Aziendali;1;-80,0;-80,0;0,0;0,0;1;No"
"2020-07;Reparti Operativi;Hardware;88;-154,17920454545458;-13567,770000000004;8126934,137736868;6,2276;1;No"
"2020-07;Reparti Operativi;Software;63;270,4358730158731;17037,460000000003;10613851,63461471;5,7633;1;No"
"2020-08;Amministrazione;Stipendi;1;-8200,0;-8200,0;0,0;0,0;1;No"
"2020-08;Finanziamenti;Prestito bancario;1;-242,66;-242,66;0,0;0,0;1;No"
"2020-08;Logistica;Auto Aziendali;1;-80,0;-80,0;0,0;0,0;1;No"
"2020-08;Reparti Operativi;Hardware;71;201,25943661971831;14289,42;7779893,320523626;5,818;1;No"
"2020-08;Reparti Operativi;Software;69;-252,0820289855073;-17393,660000000003;7346994,026024868;5,8491;1;No"
"2020-09;Amministrazione;Stipendi;1;-8200,0;-8200,0;0,0;0,0;1;No"
"2020-09;Finanziamenti;Prestito bancario;1;-242,66;-242,66;0,0;0,0;1;No"
"2020-09;Logistica;Auto Aziendali;1;-80,0;-80,0;0,0;0,0;1;No"
"2020-09;Reparti Operativi;Hardware;86;185,616046511628;15962,980000000003;7891980,632919253;6,117;1;No"
"2020-09;Reparti Operativi;Software;82;-120,24621951219508;-9860,189999999997;9222319,21755034;6,1653;1;No"
"2020-10;Amministrazione;Stipendi;1;-8200,0;-8200,0;0,0;0,0;1;No"
"2020-10;Finanziamenti;Prestito bancario;1;-242,66;-242,66;0,0;0,0;1;No"
"2020-10;Logistica;Auto Aziendali;1;-80,0;-80,0;0,0;0,0;1;No"
"2020-10;Reparti Operativi;Hardware;56;545,4066071428572;30542,770000000004;5169393,314672417;5,501;-1;Si"
"2020-10;Reparti Operativi;Software;73;-219,2768493150685;-16007,21;8102026,27862158;5,9445;1;No"
"2020-11;Amministrazione;Stipendi;2;45900,0;91800,0;2926810000,0;0,3872;-1;Si"
"2020-11;Finanziamenti;Prestito bancario;1;-242,66;-242,66;0,0;0,0;1;No"
"2020-11;Logistica;Auto Aziendali;1;-80,0;-80,0;0,0;0,0;1;No"
"2020-11;Reparti Operativi;Hardware;73;-45,47917808219174;-3319,979999999997;6796203,071714392;5,8604;1;No"
"2020-11;Reparti Operativi;Nessuna;1;-100000,0;-100000,0;0,0;0,0;-1;Si"
"2020-11;Reparti Operativi;Software;73;-61,569041095890434;-4494,540000000002;6311285,0198141495;5,8608;1;No"
"2020-12;Amministrazione;Stipendi;1;-8200,0;-8200,0;0,0;0,0;1;No"
"2020-12;Finanziamenti;Prestito bancario;1;-242,66;-242,66;0,0;0,0;1;No"
"2020-12;Logistica;Auto Aziendali;1;-80,0;-80,0;0,0;0,0;1;No"
"2020-12;Reparti Operativi;Hardware;81;227,9287654320988;18462,230000000003;6247390,381299711;6,0106;1;No"
"2020-12;Reparti Operativi;Software;87;225,8849425287357;19651,990000000005;8276885,269031893;6,1903;1;No"
"2021-01;Amministrazione;Stipendi;1;-8200,0;-8200,0;0,0;0,0;1;No"
"2021-01;Finanziamenti;Prestito bancario;1;-242,66;-242,66;0,0;0,0;1;No"
"2021-01;Logistica;Auto Aziendali;1;-80,0;-80,0;0,0;0,0;1;No"
"2021-01;Reparti Operativi;Hardware;72;-222,2365277777778;-16001,030000000002;6909066,680642109;5,835;1;No"
"2021-01;Reparti Operativi;Software;72;-65,77194444444442;-4735,579999999998;8203066,963585108;5,8413;1;No"
"2021-02;Amministrazione;Stipendi;2;900,0;1800,0;82810000,0;0,9929;1;No"
"2021-02;Finanziamenti;Conferimento quota capitale;3;1230,6999999999996;3692,099999999999;1946625911,6466668;1,326;-1;Si"
"2021-02;Finanziamenti;Prestito bancario;1;-242,66;-242,66;0,0;0,0;1;No"
"2021-02;Logistica;Auto Aziendali;1;-80,0;-80,0;0,0;0,0;1;No"
"2021-02;Reparti Operativi;Hardware;65;-289,52400000000006;-18819,060000000005;8952084,666685538;5,7999;1;No"
"2021-02;Reparti Operativi;Nessuna;1;46307,9;46307,9;0,0;0,0;-1;Si"
"2021-02;Reparti Operativi;Software;71;-258,2376056338028;-18334,87;7487367,273018211;5,9022;1;No"
"2021-03;Amministrazione;Stipendi;1;-8200,0;-8200,0;0,0;0,0;1;No"
"2021-03;Finanziamenti;Prestito bancario;1;-242,66;-242,66;0,0;0,0;1;No"
"2021-03;Logistica;Auto Aziendali;1;-80,0;-80,0;0,0;0,0;1;No"
"2021-03;Reparti Operativi;Hardware;64;647,8768749999999;41464,12;8776333,22350586;5,7372;-1;Si"
"2021-03;Reparti Operativi;Software;73;-385,2463013698631;-28122,980000000007;7042848,890308239;5,8583;1;No"
"2021-04;Amministrazione;Stipendi;1;-8200,0;-8200,0;0,0;0,0;1;No"
"2021-04;Finanziamenti;Prestito bancario;1;-242,66;-242,66;0,0;0,0;1;No"
"2021-04;Logistica;Auto Aziendali;1;-80,0;-80,0;0,0;0,0;1;No"
"2021-04;Reparti Operativi;Hardware;91;328,6930769230769;29911,07;9630027,13069383;6,2941;-1;Si"
"2021-04;Reparti Operativi;Software;85;-465,0075294117648;-39525,64000000001;7024606,634093897;6,0808;-1;Si"
"2021-05;Amministrazione;Stipendi;1;-8200,0;-8200,0;0,0;0,0;1;No"
"2021-05;Finanziamenti;Prestito bancario;1;-242,66;-242,66;0,0;0,0;1;No"
"2021-05;Logistica;Auto Aziendali;1;-80,0;-80,0;0,0;0,0;1;No"
"2021-05;Reparti Operativi;Hardware;112;-82,51008928571432;-9241,130000000005;6700870,527388385;6,4857;-1;Si"
"2021-05;Reparti Operativi;Software;95;80,43357894736843;7641,190000000001;8348535,506372453;6,2827;1;No"
"2021-06;Amministrazione;Stipendi;2;16346,56;32693,120000000003;602533607,8336;0,6509;-1;Si"
"2021-06;Finanziamenti;Conferimento quota capitale;3;3035,6266666666656;9106,879999999996;1781534058,5187557;1,3232;-1;Si"
"2021-06;Finanziamenti;Prestito bancario;1;-242,66;-242,66;0,0;0,0;1;No"
"2021-06;Logistica;Auto Aziendali;1;-80,0;-80,0;0,0;0,0;1;No"
"2021-06;Reparti Operativi;Hardware;78;-124,1048717948718;-9680,18;8668923,834073702;6,0826;1;No"
"2021-06;Reparti Operativi;Nessuna;1;10000,0;10000,0;0,0;0,0;1;No"
"2021-06;Reparti Operativi;Software;70;-300,8495714285713;-21059,469999999998;7937489,15008696;5,8439;1;No"
"2021-07;Amministrazione;Stipendi;1;-8200,0;-8200,0;0,0;0,0;1;No"
"2021-07;Finanziamenti;Conferimento quota capitale;1;-10000,0;-10000,0;0,0;0,0;1;No"
"2021-07;Finanziamenti;Prestito bancario;1;-242,66;-242,66;0,0;0,0;1;No"
"2021-07;Logistica;Auto Aziendali;1;-80,0;-80,0;0,0;0,0;1;No"
"2021-07;Reparti Operativi;Hardware;67;-51,745223880597;-3466,9299999999994;6639662,474971219;5,5932;1;No"
"2021-07;Reparti Operativi;Nessuna;1;10000,0;10000,0;0,0;0,0;1;No"
"2021-07;Reparti Operativi;Software;68;58,92661764705885;4007,0100000000016;7232842,79603709;5,7104;1;No"
"2021-08;Amministrazione;Stipendi;1;-8200,0;-8200,0;0,0;0,0;1;No"
"2021-08;Finanziamenti;Prestito bancario;1;-242,66;-242,66;0,0;0,0;1;No"
"2021-08;Logistica;Auto Aziendali;1;-80,0;-80,0;0,0;0,0;1;No"
"2021-08;Reparti Operativi;Hardware;56;-325,2882142857143;-18216,14;7393379,675582526;5,4334;-1;Si"
"2021-08;Reparti Operativi;Software;78;236,46807692307692;18444,51;8573653,96575912;5,9527;1;No"
"2021-09;Amministrazione;Stipendi;1;-8200,0;-8200,0;0,0;0,0;1;No"
"2021-09;Finanziamenti;Prestito bancario;1;-242,66;-242,66;0,0;0,0;1;No"
"2021-09;Logistica;Auto Aziendali;1;-80,0;-80,0;0,0;0,0;1;No"
"2021-09;Reparti Operativi;Hardware;72;-24,611388888888868;-1772,0199999999986;7599683,978759183;5,9711;1;No"
"2021-09;Reparti Operativi;Software;59;113,6903389830509;6707,730000000003;8144694,905545645;5,5772;1;No"
"2021-10;Amministrazione;Stipendi;1;-8200,0;-8200,0;0,0;0,0;1;No"
"2021-10;Finanziamenti;Prestito bancario;1;-242,66;-242,66;0,0;0,0;1;No"
"2021-10;Logistica;Auto Aziendali;2;-80,0;-160,0;0,0;1,0;1;No"
"2021-10;Reparti Operativi;Hardware;79;-328,9535443037975;-25987,33;6478840,959539337;5,9305;1;No"
"2021-10;Reparti Operativi;Software;57;481,5645614035088;27449,18;8013711,493003755;5,5701;-1;Si"
"2021-11;Amministrazione;Stipendi;1;-8200,0;-8200,0;0,0;0,0;1;No"
"2021-11;Finanziamenti;Prestito bancario;1;-242,66;-242,66;0,0;0,0;1;No"
"2021-11;Logistica;Auto Aziendali;1;-80,0;-80,0;0,0;0,0;1;No"
"2021-11;Reparti Operativi;Hardware;85;-429,3669411764706;-36496,19;7208512,713329465;6,1924;-1;Si"
"2021-11;Reparti Operativi;Software;80;712,689;57015,12;7680105,434038999;6,0099;-1;Si"
"2021-12;Amministrazione;Stipendi;1;-8200,0;-8200,0;0,0;0,0;1;No"
"2021-12;Finanziamenti;Prestito bancario;1;-242,66;-242,66;0,0;0,0;1;No"
"2021-12;Logistica;Auto Aziendali;1;-80,0;-80,0;0,0;0,0;1;No"
"2021-12;Reparti Operativi;Hardware;104;126,27163461538466;13132,250000000004;7894160,994090597;6,3915;-1;Si"
"2021-12;Reparti Operativi;Software;67;370,8641791044776;24847,9;7403308,192773581;5,7778;1;No"
"2022-01;Amministrazione;Stipendi;1;-8200,0;-8200,0;0,0;0,0;1;No"
"2022-01;Finanziamenti;Prestito bancario;1;-242,66;-242,66;0,0;0,0;1;No"
"2022-01;Logistica;Auto Aziendali;1;-80,0;-80,0;0,0;0,0;1;No"
"2022-01;Reparti Operativi;Hardware;91;31,17879120879126;2837,2700000000045;7500494,515705132;6,2029;1;No"
"2022-01;Reparti Operativi;Software;77;60,19168831168832;4634,76;8741792,194346499;6,0491;1;No"
"2022-02;Amministrazione;Stipendi;2;16637,855;33275,71;616919041,001025;0,6463;-1;Si"
"2022-02;Finanziamenti;Conferimento quota capitale;2;9262,145;18524,29;2574329930,0010247;0,9758;-1;Si"
"2022-02;Finanziamenti;Prestito bancario;1;-242,66;-242,66;0,0;0,0;1;No"
"2022-02;Logistica;Auto Aziendali;1;-80,0;-80,0;0,0;0,0;1;No"
"2022-02;Reparti Operativi;Hardware;78;-202,37538461538463;-15785,280000000004;8101588,209696648;6,0178;1;No"
"2022-02;Reparti Operativi;Software;74;-20,394729729729743;-1509,210000000001;7462777,11174655;5,9011;1;No"
"2022-03;Amministrazione;Stipendi;1;-8200,0;-8200,0;0,0;0,0;1;No"
"2022-03;Finanziamenti;Prestito bancario;1;-242,66;-242,66;0,0;0,0;1;No"
"2022-03;Logistica;Auto Aziendali;1;-80,0;-80,0;0,0;0,0;1;No"
"2022-03;Reparti Operativi;Hardware;97;-64,388350515464;-6245,670000000007;7560270,564607589;6,2714;1;No"
"2022-03;Reparti Operativi;Software;67;128,10731343283587;8583,190000000002;6848997,60870323;5,7471;1;No"
"2022-04;Amministrazione;Stipendi;1;-8200,0;-8200,0;0,0;0,0;1;No"
"2022-04;Finanziamenti;Prestito bancario;1;-242,66;-242,66;0,0;0,0;1;No"
"2022-04;Logistica;Auto Aziendali;1;-80,0;-80,0;0,0;0,0;1;No"
"2022-04;Reparti Operativi;Hardware;60;416,7998333333333;25007,99;6995381,769194972;5,612;-1;Si"
"2022-04;Reparti Operativi;Software;60;-407,49616666666674;-24449,770000000004;5662245,317390305;5,6097;-1;Si"
"2022-05;Amministrazione;Stipendi;1;-8200,0;-8200,0;0,0;0,0;1;No"
"2022-05;Finanziamenti;Conferimento quota capitale;2;0,0;0,0;100000000,0;1,0;1;No"
"2022-05;Finanziamenti;Prestito bancario;1;-242,66;-242,66;0,0;0,0;1;No"
"2022-05;Logistica;Auto Aziendali;1;-80,0;-80,0;0,0;0,0;1;No"
"2022-05;Reparti Operativi;Hardware;74;-26,255675675675683;-1942,9200000000003;7205003,624524544;5,9967;1;No"
"2022-05;Reparti Operativi;Software;74;107,58270270270268;7961,119999999998;6871755,643079182;5,8688;1;No"
"2022-06;Amministrazione;Stipendi;2;18470,68;36941,36;711325171,6624;0,6191;-1;Si"
"2022-06;Finanziamenti;Conferimento quota capitale;3;1619,5466666666664;4858,639999999999;1909957862,8110223;1,3258;-1;Si"
"2022-06;Finanziamenti;Prestito bancario;1;-242,66;-242,66;0,0;0,0;1;No"
"2022-06;Logistica;Auto Aziendali;1;-80,0;-80,0;0,0;0,0;1;No"
"2022-06;Reparti Operativi;Hardware;81;-203,8977777777778;-16515,72;7918178,992044444;6,0584;1;No"
"2022-06;Reparti Operativi;Nessuna;1;10000,0;10000,0;0,0;0,0;1;No"
"2022-06;Reparti Operativi;Software;81;-352,6685185185185;-28566,15;7437992,143859534;6,0603;1;No"
"2022-07;Amministrazione;Stipendi;2;900,0;1800,0;82810000,0;0,9929;1;No"
"2022-07;Finanziamenti;Conferimento quota capitale;3;-3333,333333333333;-10000,0;88888888,88888888;1,585;-1;Si"
"2022-07;Finanziamenti;Prestito bancario;1;-242,66;-242,66;0,0;0,0;1;No"
"2022-07;Logistica;Auto Aziendali;1;-80,0;-80,0;0,0;0,0;1;No"
"2022-07;Reparti Operativi;Hardware;67;407,1440298507463;27278,65;7799093,6822718205;5,811;1;No"
"2022-07;Reparti Operativi;Software;85;-113,26247058823536;-9627,310000000003;8484057,142244482;6,13;1;No"
"2022-08;Amministrazione;Stipendi;1;-8200,0;-8200,0;0,0;0,0;1;No"
"2022-08;Finanziamenti;Prestito bancario;1;-242,66;-242,66;0,0;0,0;1;No"
"2022-08;Logistica;Auto Aziendali;1;-80,0;-80,0;0,0;0,0;1;No"
"2022-08;Reparti Operativi;Hardware;59;-138,2666101694915;-8157,73;7267373,469493594;5,4998;1;No"
"2022-08;Reparti Operativi;Software;78;371,1950000000001;28953,210000000006;7790828,661612181;5,993;1;No"
"2022-09;Amministrazione;Stipendi;1;-8200,0;-8200,0;0,0;0,0;1;No"
"2022-09;Finanziamenti;Prestito bancario;1;-242,66;-242,66;0,0;0,0;1;No"
"2022-09;Logistica;Auto Aziendali;1;-80,0;-80,0;0,0;0,0;1;No"
"2022-09;Reparti Operativi;Hardware;84;65,88547619047615;5534,3799999999965;7372971,496700964;6,0028;1;No"
"2022-09;Reparti Operativi;Software;90;-217,1123333333333;-19540,11;7476063,779509;6,1605;1;No"
"2022-10;Amministrazione;Stipendi;1;-8200,0;-8200,0;0,0;0,0;1;No"
"2022-10;Finanziamenti;Prestito bancario;1;-242,66;-242,66;0,0;0,0;1;No"
"2022-10;Logistica;Auto Aziendali;1;-80,0;-80,0;0,0;0,0;1;No"
"2022-10;Reparti Operativi;Hardware;80;-203,30987499999992;-16264,789999999994;7205957,199711233;5,9982;1;No"
"2022-10;Reparti Operativi;Software;67;162,85089552238813;10911,010000000004;7914182,089512631;5,8518;1;No"
"2022-11;Amministrazione;Stipendi;1;-8200,0;-8200,0;0,0;0,0;1;No"
"2022-11;Finanziamenti;Prestito bancario;1;-242,66;-242,66;0,0;0,0;1;No"
"2022-11;Logistica;Auto Aziendali;1;-80,0;-80,0;0,0;0,0;1;No"
"2022-11;Reparti Operativi;Hardware;79;159,29797468354428;12584,539999999995;7302470,358489569;6,0561;1;No"
"2022-11;Reparti Operativi;Software;81;10,100987654320967;818,1799999999985;6903057,336816309;6,0247;1;No"
"2022-12;Amministrazione;Stipendi;1;-8200,0;-8200,0;0,0;0,0;1;No"
"2022-12;Finanziamenti;Prestito bancario;1;-242,66;-242,66;0,0;0,0;1;No"
"2022-12;Logistica;Auto Aziendali;1;-80,0;-80,0;0,0;0,0;1;No"
"2022-12;Reparti Operativi;Hardware;63;5,322698412698379;335,3299999999979;6973565,730575259;5,5739;1;No"
"2022-12;Reparti Operativi;Software;66;-56,20227272727273;-3709,35;6763038,557884228;5,7271;1;No"
"2023-01;Amministrazione;Stipendi;1;-8200,0;-8200,0;0,0;0,0;1;No"
"2023-01;Finanziamenti;Prestito bancario;1;-242,66;-242,66;0,0;0,0;1;No"
"2023-01;Logistica;Auto Aziendali;1;-80,0;-80,0;0,0;0,0;1;No"
"2023-01;Reparti Operativi;Hardware;66;247,23106060606065;16317,250000000004;7776897,4102700865;5,8268;1;No"
"2023-01;Reparti Operativi;Software;75;-236,99853333333323;-17774,889999999992;8394461,639108516;5,978;1;No"
"2023-02;Amministrazione;Stipendi;2;16598,125;33196,25;614947003,515625;0,6469;-1;Si"
"2023-02;Finanziamenti;Conferimento quota capitale;4;4650,9375;18603,75;1356781158,8867188;1,6252;-1;Si"
"2023-02;Finanziamenti;Prestito bancario;1;-242,66;-242,66;0,0;0,0;1;No"
"2023-02;Logistica;Auto Aziendali;1;-80,0;-80,0;0,0;0,0;1;No"
"2023-02;Reparti Operativi;Hardware;79;175,66189873417727;13877,290000000005;7931072,028131835;6,0447;1;No"
"2023-02;Reparti Operativi;Software;72;-254,3280555555555;-18311,619999999995;8857971,942610107;5,9269;1;No"
"2023-03;Amministrazione;Stipendi;1;-8200,0;-8200,0;0,0;0,0;1;No"
"2023-03;Finanziamenti;Prestito bancario;1;-242,66;-242,66;0,0;0,0;1;No"
"2023-03;Logistica;Auto Aziendali;1;-80,0;-80,0;0,0;0,0;1;No"
"2023-03;Reparti Operativi;Hardware;69;-78,74362318840579;-5433,31;7771297,4274781775;5,8068;1;No"
"2023-03;Reparti Operativi;Software;72;29,46805555555549;2121,6999999999957;6757243,160848996;5,8859;1;No"
"2023-04;Amministrazione;Stipendi;2;900,0;1800,0;82810000,0;0,9929;1;No"
"2023-04;Finanziamenti;Conferimento quota capitale;1;-10000,0;-10000,0;0,0;0,0;1;No"
"2023-04;Finanziamenti;Prestito bancario;1;-242,66;-242,66;0,0;0,0;1;No"
"2023-04;Logistica;Auto Aziendali;1;-80,0;-80,0;0,0;0,0;1;No"
"2023-04;Reparti Operativi;Hardware;78;48,37551282051282;3773,29;7452032,451206785;5,957;1;No"
"2023-04;Reparti Operativi;Software;66;-43,66681818181817;-2882,0099999999998;6497384,357221695;5,7369;1;No"
"2023-05;Amministrazione;Stipendi;1;-8200,0;-8200,0;0,0;0,0;1;No"
"2023-05;Finanziamenti;Prestito bancario;1;-242,66;-242,66;0,0;0,0;1;No"
"2023-05;Logistica;Auto Aziendali;1;-80,0;-80,0;0,0;0,0;1;No"
"2023-05;Reparti Operativi;Hardware;65;107,38830769230768;6980,24;7114636,993961751;5,7035;1;No"
"2023-05;Reparti Operativi;Software;64;-224,08859375;-14341,67;6505522,885099585;5,6173;1;No"
"2023-06;Amministrazione;Stipendi;2;900,0;1800,0;82810000,0;0,9929;1;No"
"2023-06;Finanziamenti;Conferimento quota capitale;3;3207,8600000000006;9623,580000000002;1766461398,2258666;1,3226;-1;Si"
"2023-06;Finanziamenti;Prestito bancario;1;-242,66;-242,66;0,0;0,0;1;No"
"2023-06;Logistica;Auto Aziendali;1;-80,0;-80,0;0,0;0,0;1;No"
"2023-06;Reparti Operativi;Hardware;85;-411,95282352941183;-35015,990000000005;9250452,290036736;6,1397;-1;Si"
"2023-06;Reparti Operativi;Nessuna;1;40376,42;40376,42;0,0;0,0;-1;Si"
"2023-06;Reparti Operativi;Software;84;248,0467857142857;20835,93;7580284,866695621;6,0817;1;No"
"2023-07;Amministrazione;Stipendi;1;-8200,0;-8200,0;0,0;0,0;1;No"
"2023-07;Finanziamenti;Conferimento quota capitale;2;0,0;0,0;100000000,0;1,0;1;No"
"2023-07;Finanziamenti;Prestito bancario;1;-242,66;-242,66;0,0;0,0;1;No"
"2023-07;Logistica;Auto Aziendali;1;-80,0;-80,0;0,0;0,0;1;No"
"2023-07;Reparti Operativi;Hardware;76;174,91171052631572;13293,289999999995;7874995,9569799695;5,9599;1;No"
"2023-07;Reparti Operativi;Software;56;73,5455357142857;4118,549999999999;8856596,701846141;5,5468;-1;Si"
"2023-08;Amministrazione;Stipendi;2;70900,0;141800,0;6256810000,0;0,2941;-1;Si"
"2023-08;Finanziamenti;Prestito bancario;1;-242,66;-242,66;0,0;0,0;1;No"
"2023-08;Logistica;Auto Aziendali;1;-80,0;-80,0;0,0;0,0;1;No"
"2023-08;Reparti Operativi;Hardware;87;-137,24241379310345;-11940,09;8672668,681365442;6,1711;1;No"
"2023-08;Reparti Operativi;Nessuna;1;-150000,0;-150000,0;0,0;0,0;-1;Si"
"2023-08;Reparti Operativi;Software;86;-107,7520930232559;-9266,680000000008;6456833,90287934;6,0642;1;No"
"2023-09;Amministrazione;Stipendi;1;-8200,0;-8200,0;0,0;0,0;1;No"
"2023-09;Finanziamenti;Prestito bancario;1;-242,66;-242,66;0,0;0,0;1;No"
"2023-09;Logistica;Auto Aziendali;1;-80,0;-80,0;0,0;0,0;1;No"
"2023-09;Reparti Operativi;Hardware;89;-53,1513483146067;-4730,469999999997;6082048,481537508;6,2099;1;No"
"2023-09;Reparti Operativi;Software;54;135,0181481481481;7290,979999999998;6187695,847589165;5,3253;-1;Si"
"2023-10;Amministrazione;Stipendi;1;-8200,0;-8200,0;0,0;0,0;1;No"
"2023-10;Finanziamenti;Prestito bancario;1;-242,66;-242,66;0,0;0,0;1;No"
"2023-10;Logistica;Auto Aziendali;1;-80,0;-80,0;0,0;0,0;1;No"
"2023-10;Reparti Operativi;Hardware;105;54,8097142857144;5755,020000000012;8711423,958315156;6,411;-1;Si"
"2023-10;Reparti Operativi;Software;77;56,59402597402596;4357,739999999999;6786552,068060415;6,0292;1;No"
"2023-11;Amministrazione;Stipendi;1;-8200,0;-8200,0;0,0;0,0;1;No"
"2023-11;Finanziamenti;Prestito bancario;1;-242,66;-242,66;0,0;0,0;1;No"
"2023-11;Logistica;Auto Aziendali;1;-80,0;-80,0;0,0;0,0;1;No"
"2023-11;Reparti Operativi;Hardware;87;77,30586206896551;6725,609999999999;7263651,416072533;6,1822;1;No"
"2023-11;Reparti Operativi;Software;89;225,792808988764;20095,56;9714672,555642672;6,2281;1;No"
"2023-12;Amministrazione;Stipendi;1;-8200,0;-8200,0;0,0;0,0;1;No"
"2023-12;Finanziamenti;Prestito bancario;1;-242,66;-242,66;0,0;0,0;1;No"
"2023-12;Logistica;Auto Aziendali;1;-80,0;-80,0;0,0;0,0;1;No"
"2023-12;Reparti Operativi;Hardware;89;79,21303370786515;7049,959999999998;8181948,2526346175;6,2359;1;No"
"2023-12;Reparti Operativi;Software;73;-240,9045205479452;-17586,03;8315694,567504223;5,934;1;No"
"2024-01;Amministrazione;Stipendi;1;-8200,0;-8200,0;0,0;0,0;1;No"
"2024-01;Finanziamenti;Prestito bancario;2;42378,67;84757,34;1816577770,9689;0,0282;-1;Si"
"2024-01;Logistica;Auto Aziendali;2;12460,0;24920,0;157251600,0;0,031;-1;Si"
"2024-01;Logistica;Beni immobili;1;30000,0;30000,0;0,0;0,0;-1;Si"
"2024-01;Nessuna;Nessuna;3;-20000,0;-60000,0;116666666,66666669;1,325;-1;Si"
"2024-01;Reparti Operativi;Hardware;63;-42,70873015873012;-2690,6499999999974;7684884,315166642;5,6641;1;No"
"2024-01;Reparti Operativi;Software;71;325,5030985915493;23110,72;6898306,78435378;5,8589;1;No"
"2024-02;Amministrazione;Bonus Lavoratore;1;45301,01;45301,01;0,0;0,0;-1;Si"
"2024-02;Amministrazione;Stipendi;1;-8200,0;-8200,0;0,0;0,0;1;No"
"2024-02;Finanziamenti;Conferimento quota capitale;2;7349,494999999999;14698,989999999998;2772075676,7550254;0,9859;-1;Si"
"2024-02;Finanziamenti;Prestito bancario;2;-496,77;-993,54;64571,8921;0,802;1;No"
"2024-02;Logistica;Auto Aziendali;1;-80,0;-80,0;0,0;0,0;1;No"
"2024-02;Reparti Operativi;Hardware;78;-386,0220512820512;-30109,719999999998;8425682,359470151;6,0442;1;No"
"2024-02;Reparti Operativi;Software;83;-39,38397590361446;-3268,8700000000003;8882471,330811903;6,1185;1;No"
"2024-03;Amministrazione;Stipendi;2;900,0;1800,0;82810000,0;0,9929;1;No"
"2024-03;Finanziamenti;Conferimento quota capitale;1;-10000,0;-10000,0;0,0;0,0;1;No"
"2024-03;Finanziamenti;Prestito bancario;2;-496,77;-993,54;64571,8921;0,802;1;No"
"2024-03;Logistica;Auto Aziendali;1;-80,0;-80,0;0,0;0,0;1;No"
"2024-03;Reparti Operativi;Hardware;68;173,69000000000003;11810,920000000004;7501206,363382352;5,772;1;No"
"2024-03;Reparti Operativi;Software;70;-110,19671428571426;-7713,769999999999;8024307,192839203;5,7896;1;No"
"2024-04;Amministrazione;Stipendi;1;-8200,0;-8200,0;0,0;0,0;1;No"
"2024-04;Finanziamenti;Prestito bancario;2;-496,77;-993,54;64571,8921;0,802;1;No"
"2024-04;Logistica;Auto Aziendali;1;-80,0;-80,0;0,0;0,0;1;No"
"2024-04;Logistica;Beni immobili;1;-185000,0;-185000,0;0,0;0,0;-1;Si"
"2024-04;Reparti Operativi;Hardware;83;468,7412048192769;38905,51999999998;7429296,507273246;6,1817;-1;Si"
"2024-04;Reparti Operativi;Software;70;-495,7419999999999;-34701,939999999995;8405378,631733142;5,8784;-1;Si"
"2024-05;Amministrazione;Stipendi;1;-8200,0;-8200,0;0,0;0,0;1;No"
"2024-05;Finanziamenti;Prestito bancario;2;-496,77;-993,54;64571,8921;0,802;1;No"
"2024-05;Logistica;Auto Aziendali;1;-80,0;-80,0;0,0;0,0;1;No"
"2024-05;Reparti Operativi;Hardware;71;-144,169014084507;-10235,999999999998;7886328,371366635;5,8838;1;No"
"2024-05;Reparti Operativi;Software;87;249,2949425287356;21688,66;7004842,761427294;6,0796;1;No"
"2024-06;Amministrazione;Bonus Lavoratore;1;10000,0;10000,0;0,0;0,0;1;No"
"2024-06;Amministrazione;Stipendi;2;-29100,0;-58200,0;436810000,0;0,5866;-1;Si"
"2024-06;Finanziamenti;Conferimento quota capitale;3;2223,8600000000006;6671,580000000002;1854171773,2658665;1,3251;-1;Si"
"2024-06;Finanziamenti;Prestito bancario;2;-496,77;-993,54;64571,8921;0,802;1;No"
"2024-06;Logistica;Auto Aziendali;3;-26,666666666666668;-80,0;1666668088,888889;1,0086;-1;Si"
"2024-06;Reparti Operativi;Hardware;84;-153,60785714285717;-12903,06;8117442,22304779;6,1176;1;No"
"2024-06;Reparti Operativi;Nessuna;1;43328,42;43328,42;0,0;0,0;-1;Si"
"2024-06;Reparti Operativi;Software;75;-391,0328;-29327,46;8491344,372038828;5,9963;1;No"
"2024-07;Amministrazione;Stipendi;1;-8200,0;-8200,0;0,0;0,0;1;No"
"2024-07;Finanziamenti;Prestito bancario;2;-496,77;-993,54;64571,8921;0,802;1;No"
"2024-07;Logistica;Auto Aziendali;2;-2540,0;-5080,0;6051600,0;0,1168;1;No"
"2024-07;Reparti Operativi;Hardware;76;256,5452631578948;19497,44;7887427,411553878;5,9182;1;No"
"2024-07;Reparti Operativi;Software;87;188,09896551724128;16364,609999999991;7972566,119898932;6,1691;1;No"
"2024-08;Amministrazione;Stipendi;1;-8200,0;-8200,0;0,0;0,0;1;No"
"2024-08;Finanziamenti;Prestito bancario;2;-496,77;-993,54;64571,8921;0,802;1;No"
"2024-08;Logistica;Auto Aziendali;1;-80,0;-80,0;0,0;0,0;1;No"
"2024-08;Reparti Operativi;Hardware;87;-342,7973563218392;-29823,370000000006;7492730,472502205;6,1399;1;No"
"2024-08;Reparti Operativi;Software;76;87,36881578947362;6640,029999999995;7902272,151113074;6,0756;1;No"
"2024-09;Amministrazione;Stipendi;1;-8200,0;-8200,0;0,0;0,0;1;No"
"2024-09;Finanziamenti;Prestito bancario;2;-496,77;-993,54;64571,8921;0,802;1;No"
"2024-09;Logistica;Auto Aziendali;2;-6040,0;-12080,0;35521600,0;0,0575;-1;Si"
"2024-09;Reparti Operativi;Hardware;72;62,01180555555546;4464,849999999993;7810416,49433424;5,8448;1;No"
"2024-09;Reparti Operativi;Software;70;133,35771428571434;9335,040000000005;7817323,828791918;5,8187;1;No"
"2024-10;Amministrazione;Stipendi;1;-8200,0;-8200,0;0,0;0,0;1;No"
"2024-10;Finanziamenti;Prestito bancario;2;-496,77;-993,54;64571,8921;0,802;1;No"
"2024-10;Logistica;Auto Aziendali;1;-80,0;-80,0;0,0;0,0;1;No"
"2024-10;Reparti Operativi;Hardware;80;-265,39399999999995;-21231,52;8764172,991564;6,0922;1;No"
"2024-10;Reparti Operativi;Software;77;248,01090909090917;19096,840000000004;7086020,191665408;5,9069;1;No"
"2024-11;Amministrazione;Stipendi;1;-8200,0;-8200,0;0,0;0,0;1;No"
"2024-11;Finanziamenti;Prestito bancario;2;-496,77;-993,54;64571,8921;0,802;1;No"
"2024-11;Logistica;Auto Aziendali;1;-80,0;-80,0;0,0;0,0;1;No"
"2024-11;Reparti Operativi;Hardware;72;80,2769444444444;5779,939999999997;7639334,431526774;5,8456;1;No"
"2024-11;Reparti Operativi;Software;75;-131,3724;-9852,93;6881196,32729824;5,8692;1;No"
"2024-12;Amministrazione;Stipendi;1;-8200,0;-8200,0;0,0;0,0;1;No"
"2024-12;Finanziamenti;Prestito bancario;2;-496,77;-993,54;64571,8921;0,802;1;No"
"2024-12;Logistica;Auto Aziendali;1;-80,0;-80,0;0,0;0,0;1;No"
"2024-12;Reparti Operativi;Hardware;92;-169,86445652173913;-15627,53;7145047,94225514;6,1803;1;No"
"2024-12;Reparti Operativi;Software;61;465,2434426229507;28379,84999999999;8431396,914465198;5,6249;-1;Si"
"2025-01;Amministrazione;Stipendi;1;-8200,0;-8200,0;0,0;0,0;1;No"
"2025-01;Finanziamenti;Prestito bancario;2;-496,77;-993,54;64571,8921;0,802;1;No"
"2025-01;Logistica;Auto Aziendali;1;-80,0;-80,0;0,0;0,0;1;No"
"2025-01;Reparti Operativi;Hardware;83;181,98457831325308;15104,720000000005;8362934,362656146;6,0723;1;No"
"2025-01;Reparti Operativi;Software;79;-187,0489873417721;-14776,869999999995;7297663,089487581;6,0456;1;No"
"2025-02;Amministrazione;Stipendi;2;16503,845;33007,69;610279957,7840251;0,6484;-1;Si"
"2025-02;Finanziamenti;Conferimento quota capitale;4;-301,9225000000006;-1207,6900000000023;1374427271,588019;1,6253;-1;Si"
"2025-02;Finanziamenti;Prestito bancario;2;-496,77;-993,54;64571,8921;0,802;1;No"
"2025-02;Logistica;Auto Aziendali;2;4960,0;9920,0;25401600,0;0,0668;1;No"
"2025-02;Reparti Operativi;Hardware;84;-417,6157142857142;-35079,719999999994;8693932,464893537;6,1607;1;No"
"2025-02;Reparti Operativi;Nessuna;1;10000,0;10000,0;0,0;0,0;1;No"
"2025-02;Reparti Operativi;Software;74;126,6595945945946;9372,81;8244435,812314698;5,8898;1;No"
"2025-03;Amministrazione;Stipendi;2;900,0;1800,0;82810000,0;0,9929;1;No"
"2025-03;Finanziamenti;Conferimento quota capitale;1;-10000,0;-10000,0;0,0;0,0;1;No"
"2025-03;Finanziamenti;Prestito bancario;2;-496,77;-993,54;64571,8921;0,802;1;No"
"2025-03;Logistica;Auto Aziendali;1;-80,0;-80,0;0,0;0,0;1;No"
"2025-03;Reparti Operativi;Hardware;81;-1101,0054320987656;-89181,44000000002;91013982,65408902;4,9416;-1;Si"
"2025-03;Reparti Operativi;Software;88;268,794090909091;23653,880000000005;6710377,754508263;6,2123;1;No"
"2025-04;Amministrazione;Stipendi;1;-8200,0;-8200,0;0,0;0,0;1;No"
"2025-04;Finanziamenti;Prestito bancario;1;-242,66;-242,66;0,0;0,0;1;No"
"2025-04;Logistica;Auto Aziendali;1;-80,0;-80,0;0,0;0,0;1;No"
"2025-04;Reparti Operativi;Hardware;82;235,8236585365853;19337,539999999997;6517076,241201249;6,0501;1;No"
"2025-04;Reparti Operativi;Software;73;-90,8171232876712;-6629,649999999998;8900063,08862597;5,93;1;No"
"2025-05;Amministrazione;Stipendi;1;-8200,0;-8200,0;0,0;0,0;1;No"
"2025-05;Finanziamenti;Prestito bancario;1;-242,66;-242,66;0,0;0,0;1;No"
"2025-05;Logistica;Auto Aziendali;1;-80,0;-80,0;0,0;0,0;1;No"
"2025-05;Reparti Operativi;Hardware;82;236,9782926829268;19432,22;7662838,42708245;6,0485;1;No"
"2025-05;Reparti Operativi;Software;78;-51,67115384615387;-4030,350000000002;8932934,78605636;6,0045;1;No"
"2025-06;Amministrazione;Stipendi;1;-8200,0;-8200,0;0,0;0,0;1;No"
"2025-06;Finanziamenti;Conferimento quota capitale;3;20000,0;60000,0;2129657416,3392663;1,5702;-1;Si"
"2025-06;Finanziamenti;Prestito bancario;2;-496,77;-993,54;64571,8921;0,802;1;No"
"2025-06;Logistica;Auto Aziendali;1;-80,0;-80,0;0,0;0,0;1;No"
"2025-06;Reparti Operativi;Hardware;86;-285,23034883720925;-24529,809999999998;7897763,868168484;6,187;1;No"
"2025-06;Reparti Operativi;Software;86;-195,986976744186;-16854,879999999997;8808667,074660629;6,1425;1;No"
"2025-07;Amministrazione;Stipendi;1;-20000,0;-20000,0;0,0;0,0;1;No"
"2025-07;Reparti Operativi;Nessuna;1;20000,0;20000,0;0,0;0,0;-1;Si"
